Sr. No. ,Institute Code ,Institute Name 
1,6001,"Department of  Management Sciences (PUMBA), University of Pune"
2,6002,"Department of Commerce & Management, Shivaji University, Kolhapur"
3,6003,"Department of Management,  Punyashlok Ahilyadevi Holkar Solapur University, Solapur"
4,6004,"Government College of Engineering & Research, Avasari Khurd"
5,6005,"Government College of Engineering, Karad"
6,6006,COEP Technological University 
7,6007,"Walchand College of Engineering, Sangli"
8,6008,"Government College of Pharmacy, Karad"
9,6009,"B.K.P.S. College of Architecture, Pune"
10,6010,"Government Polytechnic, Kolhapur"
11,6011,"Government Polytechnic, Awasari (khurd)"
12,6013,"Government Polytechnic, Pune"
13,6014,"Government Residence Women Polytechnic, Tasgaon "
14,6015,"Government Polytechnic, Miraj"
15,6016,"Government Polytechnic, Karad"
16,6017,"Government Polytechnic, Solapur"
17,6018,"Institute of Civil and Rural Engineering(aided), Gargoti, Kolhapur"
18,6019,"Maharashtra  Institute of  Printing Technology(Aided), Pune"
19,6020,"Cusrow Wadia Institute of Technology( Aided ), Pune "
20,6023,"Kolhapur District Chemist Asso. Inst. Of Pharmacy, Kolhapur"
21,6024,"Bharti Vidyapeeth's Institute of Pharmacy (Aided Wing), Pune"
22,6025,"Shri Swami Vivekanand Shikshan Santha's Institute Of Pharmacy,Miraj"
23,6026,"Dakshin Solapur Taluka Shikshan Mandal's College Of Pharmacy (Poly), Solapur"
24,6027,"Maharashtra State Institute of Hotel Management & Catering Technology,Pune"
25,6028,"Department of Technology, Shivaji University, Kolhapur"
26,6029,"Yashwantrao Chavan School of Rural Development, Kolhapur"
27,6031,"Punyashlok Ahilyadevi Holkar Solapur University, Solapur"
28,6032,"DEPARTMENT OF PHARMACY, AFMC, PUNE"
29,6033,"Department of Computer Science, Savitribai Phule Pune University, Pune"
30,6034,"Department of Computer Science, Solapur University, Solapur(SHIFTED TO 6031 )"
31,6035,"Savitribai Phule Pune University Department , Pune"
32,6102,"Audyogik Shikshan Mandal's Institute of Business Management & Research MBA Institute, Pune"
33,6103,"Shree C. E. Society's Indira Institute of Management, Pune"
34,6104,"Dr. D.Y. Patil Unitech Society's Dr. D. Y. Patil Institute of Management & Research, Pimpri"
35,6105,"Dr. Vikhe Patil Foundation's, Pravara Centre for Management Research & Development, Pune"
36,6106,"Institute of Science,Poona's Institute of Business Management & Research, Pune"
37,6107,"Poona District Education  Association's,  Mahatma Phule Institute of Management & Computer Studies, Pune"
38,6108,"Marathwada Mitra Mandal's Institute of Mangement Education Research & Training, Pune"
39,6109,"MAEER's MIT School of Management, Pune"
40,6110,"Modern Education Society's Neville Wadia Institute of Management Studies & Research, Pune"
41,6111,"Progressive Education Society’s Modern Institute of Computer Application, Nigdi, Pune"
42,6112,"Shivnagar Vidyaprasarak Mandal's Institute of Management, Baramati"
43,6113,"Sinhgad Technical Education Society's Sinhgad Institute of Management, Vadgaon (Budruk), Pune"
44,6114,"Maharshi Karve Sreeshikshan Sanstha's Smt. Hiraben Nanavati Instiute of Management & Research for Women, Pune"
45,6115,"Allana Institute of Management Sciences, Pune "
46,6116,"Vishwakarma Institute of Management, Pune "
47,6117,"Shri Shivaji Maratha Societys Institute of Management & Research, Pune "
48,6118,"All India Shri Shivaji Memorial Society's Institute of Management, Pune "
49,6119,"PIBM- Tirupati Institute of Management,  Pune "
50,6120,"Shri. Khanderai Pratishthans Dnyansagar Institute of Management and Research, Balewadi, Pune "
51,6121,"Rajgad Dnyanpeeths Rajgad  Institute of Management Development Research, Dhankawadi, Pune "
52,6122,"TSSMS's Pd. Vasantdada Patil Institute of Technology, Bavdhan, Pune"
53,6123,"S.N.G. Institute of Management & Research, Jaidwadi, Pune"
54,6124,"Kasturi Shikshan Sansta's Institute of Management, Shikhrapur"
55,6125,"Poona District Education  Association, Shankarrao Ursal College of Pharmacy(Diploma), Kharadi, Tal: Haveli"
56,6126,"Shree Santkrupa Shikshan Sanstha's College of Pharmacy(Diploma),Ghogaon,Satara"
57,6127,"Shrinath Shikshan Prasarak Mandal, R.M. Dhariwal Sinhgad Management School, Pune"
58,6128,"Allana Institute of Management Sciences, Pune "
59,6129,"Jayawant Shikshan Prasarak Mandal's Jayawant Institute of Management Studies, Tathawade Pune-411033"
60,6130,"Sinhgad Institute of Business Administration and Computer Application, Lonavala "
61,6131,"Sinhgad Institute of Management and Computer Applications, Pune"
62,6132,"Sinhgad Institute of Business Administration and Research, Pune"
63,6133," Dr. D.Y. Patil Pratishthan's Dr. D. Y. Patil Institute of Management Studies, Akurdi, Pune"
64,6134,"Siddhant Institute Of Business Management, Pune"
65,6135,"Alard Institute of Management Sciences, Pune"
66,6136,"Sinhgad Technical Education Society, Sinhgad Business School, Erandwane, Pune"
67,6137,"Vidya Pratishthan Institute of Information Technology, Baramati, Pune"
68,6138,"Genba Sopanrao Moze Trust Parvatibai Genba Moze College of Engineering,Wagholi, Pune"
69,6139,"Progressive Education Society's Modern College of Engineering, Pune"
70,6140,"Dnyan Kala Krida & Krishi Prathishtan's Maharashtra Institute of Management, Kalamb, Pune"
71,6141,"Jaywant Shikshan Prasarak Mandal's,Rajarshi Shahu College of Engineering, Tathawade, Pune"
72,6142,"Shivneri Foundation's Shivneri Institute of Business Management, Junnar, Pune"
73,6143,"JSPM's Jayawantrao Sawant Institute of Management & Research, Hadapsar, Pune"
74,6144,"Genba Sopanrao Moze College of Engineering, Baner-Balewadi, Pune"
75,6145,"JSPM'S Jaywantrao Sawant College of Engineering,Pune"
76,6146,"MIT Academy of Engineering,Alandi, Pune"
77,6147,"JSPM's Kautilya Institute of Management & Research, Wagholi,Pune"
78,6148,"MAEER's M.I.T. College of Engineering , Kothrud, Pune"
79,6149,"Siddhant College of Engineering, A/p Sudumbare, Tal.Maval, Dist-Pune"
80,6150,"Sharad Chandra Pawar Institute of Management, Otur, Pune"
81,6151,"Maharashtra Institute of Technology, Kothrud, Pune"
82,6152,"Zeal Education Society's Zeal Institute of Business Administration, Computer Application and Research, Pune"
83,6154,"Institute of Industrial & Computer Management & Research, Nigdi, Pune"
84,6155,"G.H.Raisoni College of Engineering & Management, Wagholi, Pune"
85,6156,"Marathwada Mitra Mandal's College of Engineering, Karvenagar, Pune"
86,6158,"Rajmata Jijau Shikshan Prasarak Mandal's Institute of Computer and Management Research, Dudulgaon, Pune"
87,6160,"JSPM's Imperial College of Engineering and Research, Wagholi, Pune"
88,6161,"JSPM's Jayawant Institute of Computer Application, Tathawade, Pune"
89,6162,"G. H.Raisoni Edu & Medical Foundation's G.H.Raisoni Inst of Management & Research, Haveli, Pune"
90,6164,"Psd Shastri Educational Foundation's Asma Institute Of Management, Pune"
91,6165,"Nav Sahyadri Charitable Trust's Institute of Business Management & Research, Chakan, Pune"
92,6166,"Audyogik Shikshan Mandal's Institute of Professional Studies, Pimpri Waghere, Pune"
93,6167,"Kamla Education Society's  Pratibha Institute of Business Management, Chinchwad, Pune"
94,6168,"Shikshan Maharshi Dr. D.Y. Patil Centre for Management & Research, Chikhali , Pune"
95,6169,"Swargeeya Sanjibhai Rupjibhai Memorial Trust, Institute of  Management & Research, Silvassa "
96,6170,"Abhinav Education Society's Institute of Management and Research, Haveli, Pune"
97,6172,"Dr. D. Y. Patil Educational Academy's   D.Y. Patil Institute of Management, Talegaon Dabhade, Pune"
98,6174,"KJ's Educational Institute Trinity Institute of Management & Research, Haveli, Pune"
99,6175,"Pimpri Chinchwad Education Trust, Pimpri Chinchwad College of Engineering, Pune"
100,6176,"G. H.Raisoni Institute of Engineering and Technology, Wagholi, Pune"
101,6177,"Sinhgad College of Engineering, Vadgaon (BK), Pune"
102,6178,"Sinhgad Technical Education Society's Smt. Kashibai Navale College of Engineering,Vadgaon,Pune"
103,6179,"Indira College of Engineering & Management, Pune"
104,6180,"Jayawant Shikshan Prasarak Mandal, ENIAC Institute of Computer Application, Wagholi, Pune"
105,6181,"Jayawant Shikshan Prasarak Mandal, Abacus Institute of Computer Application, Hadapsar,  Pune"
106,6182,"Sinhgad Technical Education Society, Sinhgad Institute of Technology and Science, Narhe (Ambegaon)"
107,6183,"Al-Ameen Educational and Medical Foundation, College of Engineering, Koregaon, Bhima"
108,6184,"K. J.'s Educational Institut Trinity College of Engineering and Research, Pisoli, Haveli"
109,6185,"Sinhagad Institute of Technology, Lonavala"
110,6186,"Indsearch Institute Of Management Studies & Research, Pune"
111,6187,"Sinhgad Academy of Engineering, Kondhwa (BK)  Kondhwa-Saswad Road, Pune"
112,6188,"Eagle Education Society's Unique Institute of Management, Pune"
113,6189,"Dr. D. Y. Patil School Of Management, Lohegaon,Pune"
114,6191,"Shri Bhairavnath Shikshan Prasarak Mandal's Adhalrao Patil Institute of Management and Research, Landewadi"
115,6192,"Pimpri Chinchwad Education Trust's S.B. Patil Institute of Management, Nigdi, Pune"
116,6195,"Zeal Education Society's, Zeal Institute of Management and Computer Application, Nahre, Pune"
117,6196,"RIIM - The Academy School Of Business Management, Pune"
118,6197,ADITYA INSTITUTE OF MANAGEMENT- AIMS
119,6199,"Poona Institute of Management Studies & Enterpreneurship, Pune - 411001"
120,6200,"Nav-Sahyadri Charitable Trust's Institute of Management Science,Pimpri BK, Khed"
121,6201,"Dr. D. Y. Patil School Of MCA, Lohegaon,Pune"
122,6203,"Marathwada Mitra Mandal's Institute of Technology, Lohgaon, Pune"
123,6204,"Rastriya Shikshan Mandal's Chetan Dattaji Gaikwad Institute of Management Studies, Pune"
124,6205,"Sinhgad Institute of Business Administration and Computer Application, Lonavala "
125,6206,"Pune District Education  Association's College of Engineering, Pune"
126,6207,"Dr. D. Y. Patil Unitech Society's Dr. D. Y. Patil  Institute of Technology, Pimpri, Pune"
127,6208,"Deccan Education Society's Chintamanrao Institute of Management Development & Research, Sangli"
128,6209,"Deshbhakta Ratnappa Kumbhar College of Commerce Department of Management Studies, Kolhapur"
129,6210,"Rayat Shikshan Sanstha's Karmaveer Bhaurao Patil Institute of Management Studies & Research, Satara"
130,6211,"S.A.P.D.J. Pathshala's Hirachand Nemchand College of Commerce Department of Management Studies, Solapur"
131,6212,"KIT's Institute of Management  Education & Research, Kolhapur "
132,6213,"Chh. Shahu Institute Of Business  Edu  And Res Vasantraodada Patil Institute Of Management Studies & Research, Sangli"
133,6214,"K. E. Society's Rajarambapu Institute of Technology, Walwa, Sangli"
134,6215,"Sou. Sushila Danchand Ghodawat Cha.Trust's Sanjay Ghodavat Group of Institution (Integrated Campus), Atigre, Kolhapur"
135,6216,"Krishna Foundation Malkapur-Karad's Jaywant Institute of Management, Wathar"
136,6217,"Shri. Balasaheb Mane Shikshan  Prasarak Mandal's, Ashokrao Mane Group of Institutions"
137,6218,"Gaurishankar Educational & Charitable Trust's Gaurishankar Institute of management Sciences, Limb, Satara"
138,6219,"KSGBS's Bharat- Ratna Indira Gandhi College of Engineering, Kegaon, Solapur"
139,6220,"Shri Vithal Education and Research Institute's College of Engineering, Pandharpur"
140,6222,"Dattajirao Kadam Technical Education Society's Textile & Engineering Institute, Ichalkaranji."
141,6223,"Pradnya Niketan Education Society's Nagesh Karajagi Orchid College of Engineering & Technology, Solapur"
142,6224,"Shri Venkateshwara shikshan Sanstha's Venkteshwara Institute of Management, Peth Naka"
143,6225,"Dattajirao Kadam Technical Education Society's Textile & Engineering Institute, Ichalkaranji."
144,6228,"Dr. D. Y. Patil Pratishthan's D.Y.Patil Institute of Master of Computer Applications and Management, Akurdi, Pune "
145,6229,"Indira Institute of Management, Tathawade,Mulsi, Pune"
146,6231,"Sinhgad Technical Education Society's Sinhgad Institute of Management ,Vadgaon(Budruk),Pune"
147,6232,"Maharashtra Education Society's Institute of Management and Career Courses (IMCC), Pune"
148,6236,"Sinhgad Technical Education Society's , Sinhgad Institute of Business Administration & Research, Kondhawa-Saswad Road, Pune"
149,6237,"Deccan Education Society's Technical Institute ,Pune"
150,6239,"Sinhgad Technical Education Society, Sinhgad Institute of Management & Computer Application, Narhe (Ambegaon), Pune"
151,6240,"Siddhant Institute Of Computer Application, Sudambare"
152,6245,"Dr. D. Y. Patil School Of Architecture, Lohegaon, Pune"
153,6248,"KFS - Krishna Institute of Computer Application & Management, Wathar"
154,6249,"Audyogik Shikshan Mandal's Institute of International Business & Research, Pune"
155,6250,"D.Y. Patil College of Engineering and Technology, Kolhapur"
156,6255,"Maharashtra Academy of Engineering & Educational Research's Maharashtra Institute of Pharmacy, Pune"
157,6256,"Bharati Vidyapeeth's College of Pharmacy, Kolhapur"
158,6257,"Rajgad Dnyanpeeth's College of Pharmacy, Bhor"
159,6258,"Siddhant College of Pharmacy, Sudumbre "
160,6259,"Gourishankar Education & Charitable Trust, Gourishankar Polytechnic,Limb, Satara"
161,6260,"Rajgad Dnyanpeeth's College of Pharmacy, Bhor"
162,6261,"Maharshi Karve Stree Shikshan.Samstha's ,Dr. Bhanuben Nanavati College of Architecture for Women, Karvenagar, Pune"
163,6263,"Sinhgad College of Architecture, Vadgaon (BK), Pune"
164,6264,"Shree Prince Shivaji Maratha Boarding's College of Architecture, Kolhapur"
165,6265,"Walchand Institute of Technology, Solapur"
166,6266,"Shetkari Shikshan Mandal's Pad. Vasnatraodada Patil Institute of Technology, Budhgaon,(Diploma) Sangli"
167,6267,"Kolhapur Institute of Technology's College of Engineering(Autonomous), Kolhapur"
168,6268,"Tatyasaheb Kore Institute of Engineering and Technology, Warananagar"
169,6269,"Shetkari Shikshan Mandal's Pad. Vasantraodada Patil Institute of Technology, Budhgaon, Sangli"
170,6270,"Rayat Shikshan Sanstha's Karmaveer Bhaurao Patil College of Engineering, Satara"
171,6271,"Pune Institute of Computer Technology, Dhankavdi, Pune"
172,6272,"Dr. D. Y. Patil Pratishthan's D.Y.Patil College of Engineering Akurdi, Pune"
173,6273,"Bansilal Ramnath Agarawal Charitable Trust's Vishwakarma Institute of Technology, Bibwewadi, Pune"
174,6274,"Pune Vidyarthi Griha's College of Engineering and Technology and G K Pate(Wani) Institute of  Management,  Pune"
175,6275,"Shivnagar Vidya Prasarak Mandal's College of Engineering, Malegaon-Baramati"
176,6276,"MKSSS's Cummins College of Engineering for Women, Karvenagar,Pune"
177,6277,"Dr. J. J. Magdum  Charitable Trust's Dr. J.J. Magdum College of Engineering, Jaysingpur"
178,6278,"All India Shri Shivaji Memorial Society's College of Engineering, Pune"
179,6281,"Modern Education Society's College of Engineering, Pune"
180,6282,"All India Shri Shivaji Memorial Society's Institute of Information Technology,Pune"
181,6283,"Annasaheb Dange College of Engineering and Technology, Ashta, Sangli"
182,6284,"Vidya Pratishthan's Kamalnayan Bajaj Institute of Engineering & Technology, Baramati Dist.Pune"
183,6285,"Bharati Vidyapeeth's College of Engineering for Women, Katraj, Dhankawadi, Pune"
184,6288,"Bharati Vidyapeeth's College of Engineering, Kolhapur"
185,6289,"B.R.A.C.T's Vishwakarma Institute of Information Technology, Kondhwa (Bk.), Pune"
186,6293,"Kai Amdar  Bramhadevdada Mane Shikshan & Samajik Prathistan's Bramhadevdada Mane Institute of Technology, Solapur"
187,6298,"Zeal Education Society's Zeal College of Engineering & Reserch, Narhe, Pune"
188,6302,"Gourishankar Educational & Charitable Trust's Satara College of Engineering & Management, Limb, Satara"
189,6303,"Dr. Ashok Gujar Technical Institute's  Dr. Daulatrao Aher College of Engineering, Karad"
190,6304,"Loknete Hanumantrao Charitable Trust's Adarsh Institute of Technology and Research Centre, Vita,Sangli"
191,6305,"S.D.N.C.R.E.S'S.Late Narayandas Bhawandas Chhabada Institute of Engineering & Technology, Satara"
192,6307,"Dhole Patil Education Society, Dhole Patil College of Engineering, Wagholi, Tal. Haveli"
193,6308,"Shanti Education Society, A.G. Patil Institute of Technology, Soregaon, Solapur(North)"
194,6310,"Nutan Maharashtra Vidya Prasarak Mandal, Nutan Maharashtra Institute of Engineering &Technology, Talegaon station, Pune"
195,6311,"Jayawant Shikshan Prasarak Mandal, Bhivarabai Sawant Institute of Technology & Research, Wagholi"
196,6312,"Abhinav Education society College of Engineering and Technology (Diploma), Wadwadi, Tal.  Khandala"
197,6313,"Jaywant College of Engineering & Polytechnic , Kille Macchindragad Tal. Walva District- Sangali"
198,6315,"Holy-Wood Academy's Sanjeevan Engineering and Technology Institute, Panhala"
199,6317,"Sharad Institute of Technology College of Engineering, Yadrav(Ichalkaranji)"
200,6318,"Abhinav Education Society's College of Engineering and Technology (Degree), Wadwadi"
201,6319,"Shahajirao Patil Vikas Pratishthan, S.B.Patil College of Engineering, Vangali, Tal. Indapur"
202,6320,"K.J.'s Educational Institute's K.J.College of Engineering & Management Research, Pisoli"
203,6321,"Vidya Vikas Pratishthan Institute of Engineering and Technology, Solapur"
204,6322,"Shree Gajanan Maharaj Shikshan Prasarak Manda'l Sharadchandra Pawar College of Engineering, Dumbarwadi"
205,6323,"D. Y. Patil College of Engineering, Ambi, Talegaon, Maval"
206,6324,"Rajgad Dnyanpeeth's Technical Campus,Dhangwadi, Bhor"
207,6325,"Alard  Charitable Trust's Alard College of Engineering and Management, Pune"
208,6326,Karmayogi Institute of Technology
209,6355,"Shri Balasaheb Mane Shikshan Prasarak Mandal's Ashokrao Mane College of Pharmacy,Peth Vadgaon, Kolhapur"
210,6356,"Tatyasaheb Kore College of Pharmacy, Warananagar"
211,6357,"Tatyasaheb Kore College of Pharmacy (Diploma),  Warananagar"
212,6358,"Sinhgad College of Pharmacy, Vadgaon, Pune"
213,6359,"Alard Charitable Trust's Alard College of Pharmacy, Marunje, Hinjewadi, Pune"
214,6360,"Chanakya Education. Soceity's, Indira College of Pharmacy, Tathawade, Pune"
215,6361,"Vishal Institute of Pharmaceutical Education & Research, Ale, (Alephata), Dist. Pune"
216,6362,"Sinhgad Technical Education Society, Smt.  Kashibai Navale College of Pharmacy, Kondhwa,(Bk.), Pune"
217,6363,"Sinhgad Institute of Pharmacy, Narhe(Ambegaon), Pune"
218,6364,"Progressive Education Society's Modern College of Pharmacy( for Women), Moshi.(Tal.Haveli)"
219,6365,"Shree Gajanan Maharaj Shikshan Prasarak Mandal Sharadchandra Pawar College of Pharmacy, At Dumbaarwadi (Otur) "
220,6366,"Saibalaji Education Society, International Institute of Management & Human Resource Development(W), Nere Marunje, Pune"
221,6367,"Rajarshi Shahu College of Pharmacy & Research, Tathawade, Pune"
222,6368,"Shri Chatrapati Sambhaji Shikshan Sanstha's  Sitabai Thite College of Pharmarcy, Shirur, (Ghodnadi). Pune"
223,6369,"Rameshwar Maulee Pratishthan's Bhalchandra College of Pharmacy, Gorhe (KD), Pune"
224,6370,"Progressive Education Society's Modern College of Pharmacy, Nigdi, Pune"
225,6371,"Dr. D.Y. Patil College of Pharmacy , Akurdi, Pune"
226,6372,"Poona District Education  Association's  Seth Govind Raghunath Sable College of Pharmacy , Saswad, Pune"
227,6373,"Shri Chatrapati Sambhaji Shikshan Sanstha's  Sitabai Thite College of Pharmarcy, Shirur, (Ghodnadi). Pune"
228,6374,"Maharashtra Cosmopolitan Education Society's Allana College of Pharmacy,Pune"
229,6375,"Dr. D.Y. Patil Unitech Society's Dr. D.Y. Patil Institute of Pharmaceutical Science & Research, Pimpri, Pune"
230,6376,"All India Shri Shivaji Memorial Society's College of Pharmacy, Pune"
231,6377,"SVPM'S College of Pharmacy, Malegaon(BK) Baramati,  Pune"
232,6378,"Sinhgad Technical Education Society's Sinhgad Institute of Pharmaceutical Sciences , Lonavala"
233,6379,"Charak College of Pharmacy & Research, Wagholi, Pune"
234,6380,"Marathwada Mitra Mandal's College of Pharmacy,Thergaon( Kalewadi) ,Pune"
235,6381,"Abhinav Education Society,  College of Pharmacy, Haveli, Pune"
236,6382,"Rajamata Jijau Shiksan Prasark Mandal College of Pharmacy, Dudul Gaon, Pune"
237,6383,"Kasturi Shikshan Sansthas College of Pharmacy, Shikrapur"
238,6384,"Genba Education Trust, Genba Sopanrao Moze College of Pharmacy, Wagholi"
239,6385,"Poona District Education  Association, Shankarrao Ursal College of Pharmaceutical Sciences & Research Centre, Kharadi, Tal: Haveli"
240,6387,"Jayawantrao Sawant College of Pharmacy & Research, Hadapsar, Pune"
241,6388,"Shri Appasaheb Birnale College of Pharmacy, Sangli"
242,6389,"K.E. Socities. Rajarambapu College of Pharmacy,  Kasegaon, Sangli"
243,6390,"Meruling Shikshan Sansthas  College of Pharmacy, Jawalwadi"
244,6391,"Gaurishankar Educational and Charitable Trust's Gourishankar Institute of Pharmaceutical & Education Research, Limb, Satara"
245,6392,"Late Narayandas Bhawandas Chhabada Institute of Pharmacy, Satara"
246,6393,"Samarth Education Trust Arvind Gavali college of Pharmacy, Satara"
247,6394,"Shree Santkrupa College of Pharmacy, Ghogaon,Satara"
248,6395,"Gourishankar Education Society's Satara College of Pharmacy, Satara"
249,6396,"Swargeeya Sanjibhai Rupjibhai Memorial Trust  S.S.R. College of Pharmacy, Silvassa "
250,6397,"Shri. Vitthal Edu. & Research's College of Pharmacy, Gopalpur, Pandharpur"
251,6398,"Shikshan & Krishi Vikas Pratishtan's Sahyadri College of Pharmacy, Methavade, Ta.:Sangola, Dist.: Solapur"
252,6399,"Shikshan Prasarak Mandal's College of Pharmacy,  Akluj"
253,6400,"D.S.T.S.Mandal's College of Pharmacy, Solapur"
254,6401,"Shikshan Prasarak Mandal's College of Pharmacy, Akluj"
255,6402,"Shree Prince Shivaji Maratha Boarding House's New Polytechnic, Kolhapur"
256,6403,"Latthe Education Society's Polytechnic, Sangli"
257,6404,"Ekalavya Shikshan Sanstha's Polytechnic,pune"
258,6405,"Shivnagar Vidya Prasarak Mandal's Institute of Tech. & Engg., Malegaon(Bk.)"
259,6406,"Karmaveer Bhaurao Patil Polytechnic,Satara"
260,6407,"Satara Education Society's Satara Polytechnic, Satara"
261,6408,"Bharti Vidyaapeeth's Jawaharlal Nehru Institute of Technology, Pune"
262,6409,"Solapur Education Society's  Polytechnic, Solapur"
263,6410,"Dr. D. Y. Patil Pratishthan's, Yashwantrao Bhaurao Patil  Polytechnic, Pune"
264,6411,"Dr. J. J. Magdum Trust, Dr. J.J.Magdum Polytechnic, Jaysingpur, Kolhapur "
265,6412,"Shri Shivaji Shikshan Prasarak Mandal's Institute of Polytechnic, Barshi, Solapur  "
266,6413,"Pimpri Chinchwad Education Trust's Pimpri Chinchwad Polytechnic,Pune"
267,6414,"Sinhgad Tech Education Society's Sou. Venutai Chavan Polytechnic, Pune"
268,6415,"All India Shri Shivaji Memorial Society's Polytechnic, Pune,"
269,6416,"Dr. D. Y. Patil Pratishthan's, Padmashree Dr. D.Y.Patil Polytechnic, Nigdi "
270,6417,"Poona District Education Association's, Institute of Technology,Hadpsar,Pune"
271,6418,"Jaihind Comprehensive Educational Institute's Jaihind Polytechnic, Kuran,Tal. Junnar"
272,6419,"Nutan College of Engineering and Research, Talegaon Dabhade Tal. Maval, Pune"
273,6420,"Shikshan Prasarak Mandal's Polytechnic,Solapur"
274,6421,"Dr. D. Y. Patil Prathisthan's Dr. D.Y. Patil Polytechnic, Kolhapur"
275,6422,Bharati Vidyapeeth's Institute of Technology(Poly)
276,6423,"Shri Jain Vidya Prasarak Mandal's Rasiklal M. Dhariwal Institute of Technology, Chinchwadgaon, Pune"
277,6425,"Jaywant shikshan prasarak Mandal,Jaywantrao Sawant Polytechnic, Hadapsar, Pune"
278,6426,"People Enpowerment Group,International School of Business & Media, Mulshi."
279,6427,"Bhivrabai Sawant Polytechnic, Wagholi, Pune"
280,6428,"BMSPM's Ashokrao Mane Polytechnic, Vathar Tarf Vadgaon"
281,6429,"Vidya Vikas Pratishthan Polytechnic, Solapur"
282,6430,"Genba Sopanrao Moze Institute of Technology, Balewadi, Tal.Haveli"
283,6431,"Sai Charitable Trust, Indira Institute Of Diploma Engineering(Poly), Sasure, Tal. Barshi"
284,6432,"Shivneri Foundation, Shivneri Polytechnic, Khanapur, Junnar, Pune"
285,6433,"Vidyavardhini Charitable Trust's Abhaysinhraje Bhonsle Institute of Technology, Shahunagar- Shendra, Satara"
286,6434,"Dinkarrao K. Shinde Smarak Trust, Dr. A.D. Shinde Institute Of Technology, Gadhinglaj"
287,6435,"Zeal Education Society, Zeal Polytechnic, Narhe Tal. Haveli, Pune"
288,6436,"Sharad Institute of Technology Polytechnic, Yadrav( Ichalkaranji)"
289,6437,"Shree Vitthal Edu. and Research Institute, College of Engineering (Polytechnic), Gopalpur, Pandharpur"
290,6439,"Y.D.Mane Institute of Technology, Kagal, Kolhapur"
291,6441,"Dr.D.Y.Patil Educational Academy's  D. Y. Patil Polytechnic, Ambi., Talegaon"
292,6442,"Sant Gajanan Maharaj Rural Polytechnic, Gadhingaj, Kolhapur"
293,6443,"Shanti Education Society, A.G. Patil Polytechnic Institute, Solapur"
294,6444,"Shriram Institute Of Engineering & Technology, (Poly), Paniv"
295,6445,"Vidya Pratishthan's Polytechnic College, Vidyanagari, Indapur "
296,6446,"Kai. Amdar Bramhadevdada Mane Shikshan Va Samajik Pratishthan,Bramhadevdada Mane Polytechnic, Belati, Noth Solapur"
297,6447,"Shree Pandurang Pratishthan, Karmayogi Polytechnic College, Shelvhe, Tal.Pandharpur"
298,6448,"Loknete Ma.Hanumantrao Patil Charitable Trust, Adarsh Institute of Technology (Poly), Khambale"
299,6449,"Marathwada Mitra Mandal's Polytechnic, Pune"
300,6451,"Samarth Rural Education Institute, Samarth Polytechnic, Bangarwadi, Belhe"
301,6452,"Shri Umajirao Sanamadikar Medical Foundation's Siddharath Polytechnic, Jath"
302,6454,"D. Y. Patil Educational Socity's D.Y. Patil College Of Engineering & Polytechnic, Kolhapur"
303,6455,"Sandipani Charitable Trust, M.D. Jadhav Institute Of Technology.,Bhose"
304,6456,"Kasegaon Education Society's Rajarambapu Institute of Technology (Polytechnic), Lohgaon Pune"
305,6457,"Dattakala Shikshan Sanstha's, Dattakala Polytechnic, Daund Dist. Pune"
306,6458,"Shri. Siddheshwar Deosthan Trust's Siddheshwar Women's Polytechnic, Solapur"
307,6460,"S.C.E.S. Indira School Of Business Studies, Tathwade"
308,6462,"Balasaheb Desai Foundation, Shivajirao Desai College Of Polytechnic, Doulatnagar"
309,6463,"Mokashi Krishi Vikas Prasisthan's Dadasaheb Mokashi Polytechnic, Sadashivgad, Satara"
310,6464,"Rajarshi Shahu Shikshan Sanstha's Vitthal Patil Polytechnic, Miraj"
311,6465,"Gaurishankar Education & Charitable Trust, Gaurihar Polytechnic,Limb,  Satara"
312,6466,"Shree Santkrupa Shikshan Sanstha, Shree Santkrupa Institute Of Engineering & Technology, Karad"
313,6467,"Swami Vivekananda Pratisthan, Swami Vivekananda Institute Of Technology,Khed, Solapur"
314,6468,"Swami Vivekananda Shikshan Sanstha, Dr. Bapuji Salunkhe Institute Of Engineering & Technology,Kolhapur"
315,6469,"Shahajirao Patil Vikas Pratishthan, S. B. Patil Polytechnic, Indapur"
316,6470,"Shriram Education Soceity's Shivaji Polytechnic, Atpadi, Sangli"
317,6471,"Ramkrishna Technical Education Soceity, Shivaji Polytechnic College, Sangola"
318,6472,"Vidyavardhini Educational Academy's Vidyavardhini Institute Of Technology,Bhudargad"
319,6473,"Shri. Venkateshwara Shikshan Sanstha's Nanasaheb Mahadik Polytechnic Institute, Peth"
320,6474,"Shri Vatavruksha Swami Maharaj Devasthan's, Kai.Kalyanrao (Balasaheb) Ingale Polytechnic College, Akkalkot"
321,6475,"Smt. Premalatai Chavan Polytechnic, Karad"
322,6476,"Sau. Devibai Narayandas Chhabada Rural Education Soceity,Late N.B. Chhabada Institute Of Engg & Tech.(Poly), Satara"
323,6478,"Bharti Vidyapeeths Institute of Pharmacy (Un Aided Wing), Pune"
324,6479,"Satara Education Society's Late Suman Dhekane Department Of Pharmacy, Satara"
325,6480,"Poona District Education Association Seth Govind Raghunath Sable College of Pharmacy(Poly),Saswad, Pune"
326,6481,"Shahu Chatrapati Shikshan Sanstha's Rajarshi Shahu Chhatrapati Institute Of Pharmacy, Kolhapur"
327,6482,"Shri. Balasaheb Mane Shikshan Prasarak Mandal Ambap's, Ashokrao Mane Institute of Diploma in Pharmacy, Vadgaon"
328,6483,Dr. J. J. Magdum Charitable Trust's Dr. J.J. Magdum Pharmacy College
329,6485,"Vishal Junnar Seva Mandal's Institute of Pharmacy,Ale, Pune"
330,6487,"Jayawant Shikshan Prasarak Mandal's Jayawant Institute Of Pharmacy, Pune"
331,6488,Mayani Bhag Shikshan Prasark Mandal's College Of Pharmacy (D.Pharm.) Mayani Tal-Khatav Dist-Satara
332,6489,"Gourishankar Education Society's College Of Pharmacy (D.Pharm.), Degaon, Satara"
333,6490,"Gouri Shankar Education Society's College Of Pharmacy (D. Pharm.), Limb, Satara"
334,6491,"Shri Y.S.P.Mandal's Vasantidevi Patil Institute of Pharmacy , Kodoli, Dist.Kolhapur"
335,6492,"Samarth Educational Trust's, Sawkar Pharmacy College, Jaitapur, Satara 415004"
336,6493,"Vishal Junner Seva Mandal's Institute of Pharmacy for Women, Ale,Pune"
337,6494,"Dr J J Magdum Trust's Anil Alias Pintu Magdum Memorial Pharmacy College, Dharangutti,Tal-Shirol, Dist, Kolhapur"
338,6495,"Dr. D. Y. Patil Pratishthan's Dr. D. Y. Patil Institute Of Pharmacy, Akurdi, Pune"
339,6496,"Meruling Shikshan Sanstha's Diploma In Pharmacy, Medha,Satara "
340,6497,"Gulabrao Patil Memorial Trust, Gulabrao Patil College of Pharmacy, Miraj"
341,6498,"Sharadchandra Pawar Institute of Pharmacy,Dhumberwadi, Junnar"
342,6499,"Shri. Jain Vidya Prasarak Mandal, Rasiklal M.Dhariwal College Of Pharmacy, Pune   "
343,6501,"Shri Dhanlaxmi Foundation, Karad's Late Adv. Dadasaheb Chavan Memorial Institute of Pharmacy, Malwadi-Masur"
344,6503,"Shree Ambabai Talim Sanstha's Diploma In Pharmacy ,Wanlesswadi, Miraj, Sangli"
345,6504,"Yashoda Shikshan Prasarak mandal's Sojar College of Pharmacy, Khandvi, Barshi, Solapur"
346,6505,"Shri Vithal Education & Research Institute's, College of Pharmacy(Poly.), Pandharpur"
347,6506,"Jayawant Shikshan Prasark Mandal's Jaywantrao Sawant Institute Of Pharmacy, Hadapsar, Pune"
348,6509,Walwa Taluka Education Societys S D Patil Institute of Pharmacy  Urun Islampur
349,6510,"Shriram Shikshan Sanstha's College of  Pharmacy, Paniv, Malshiras, Dist. Solapur"
350,6511,"Rajmata Jijau Shikshan Prasarak Mandal Institute Of Pharmacy,Haveli, Pune"
351,6512,"Shivneri Foundation's Shivneri Institute Of Pharmacy, Khanapur, Junna."
352,6513,"Lokseva Pratisthan's Lokseva College Of Pharmacy, Phulgaon, Haveli, Pune"
353,6514,"Abhinav Education Society's College Of Pharmacy, Narhe, Tal. Haveli, Dist. Pune"
354,6515,"Siddhant College of Pharmacy, A/p Sudumbare, Maval"
355,6516,"Krishna Charitable Trust's Krishna College of Pharmacy, Malkapur, Karad."
356,6519,"Loknete Maa. Hanumantrao Patil Charitable Trust's Adarsh Institute Of Pharmacy, Vita"
357,6520,"Sant Gajanan Maharaj Rural Hospital And Research Centre's Sant Gajanan Maharaj Rural Pharmacy College, Mahagaon, Kolhapur"
358,6522,"Shriram Education Society's Sau. Venutai Chauhan Pharmacy College, Phaltan"
359,6523,"Maharashtra Cosmopolitan Education Society, Institute Of Pharmacy(Diploma), Azam Campaus , Pune"
360,6524,"Rameshwari Mauli Prathishtan of Bhalchnadra Institute of Pharmacy, Pune"
361,6526,"Maharashtra Academy of Engg & Education Research's  MIT Polytechnic, Pune"
362,6532,"School of Architecture D. Y. Patil College of Engineering & Technology, Kasaba Bavada, Kolhapur"
363,6533,"Marathwada Mitra Mandal's College of Architecture, Pune"
364,6534,"Appasaheb Birnale College of Architecture, Sangli"
365,6535,"Shri Siddheshwar Shikshan Mandal's College of Architecture, Solapur"
366,6536,"Vivekanad Institute of Technology Padmbhushan Vasantdada Patil College of Architecture, Pune"
367,6537,"M.C.E. Society's Allana College of Architecture, Pune"
368,6538,"Padmashree Dr.D.Y.Patil College of Architecture, Pune"
369,6540,"Maharashtra State  Institute of Hotel Management & Catering Technology,Pune"
370,6541,"All India Shri Shivaji Memorial Society's College of HMCT, Pune"
371,6542,"Dr. D.Y. Patil Unitech Society's Dr.D.Y.Patil Institute of Hotel Management & Catering Technology, Tathawade, Pune"
372,6543,"Sinhgad Institute of Hotel Management & Catering Technology, Lonavala"
373,6544,"Karmveer Bhaurao Patil Shikshan Sansthan's Sahyadri Polytechnic,Pune"
374,6545,"Samarth Education Trust's Arvind Gavali College Of Engineering Panwalewadi, Varye,Satara."
375,6547,"Suryadatta Educational Foundation, Suryadatta Institute of Management and Mass Communication, Pune"
376,6548,"Suryadatta Educational Foundation, Suryadatta Institute of Business Management and Technology, Pune"
377,6602,"College Of Engineering, Vairag Tal. Barshi"
378,6607,"Institute For Future Education, Entrepreneurship And Leadership, Karla "
379,6608,"Institute of Technical Education, Research and Management, Akurdi"
380,6609,"Jaihind College Of Engineering,Kuran "
381,6610,"Lexicon Management Institute of Leadership & Excellence,  Pune"
382,6614,"Sadhu Vaswani Institute Of Management Studies For Girls, Koregaon, Pune"
383,6615,"ISMS Sankalp Business School, Pune"
384,6616,"Sant Gajanan Maharaj College of Pharmacy, Gadhinglaj"
385,6618,"Shriram Institute Of Engineering And Technology Centre, Paniv"
386,6620,"D. Y. Patil Institute of Engineering and Technology, Ambi"
387,6621,"Institute Of Knowledge-College Of Engineering, Pimpale - Jagtap"
388,6622,ISBM College Of Engineering Pune
389,6625,"Universal College of Engineering & Research, Sasewadi"
390,6626,"Arihant Institute Of Business Management, Bawdhan"
391,6627,"Camp Education Society's Rasiklal M Dhariwal Institute of Management, Nigdi, Pune"
392,6628,"Dattakala Group Of Institutions, Swami - Chincholi Tal. Daund Dist. Pune"
393,6629,"Dhananjay Mahadik Group of Institutions, Kagal, Kolhapur"
394,6631,"Modern Institute of Business Management, Pune"
395,6632,Navsahyadri Education Society's Group of Institutions
396,6634,"KJEI's Trinity Academy of Engineering, Yewalewadi, Pune"
397,6635,"Samarth Group of Institutions, Bangarwadi, Post Belhe Tal. Junnar Dist. Pune"
398,6638,"Matrix School of Managment Studies, Ambegaon"
399,6639,"MIT School of Telecom Management, Kothrud"
400,6640,"N. B. Navale Sinhgad College of Engineering, Kegaon, solapur"
401,6641,"Pune Institute Of Business Management, Pune"
402,6643,"S K N Sinhgad College of Engineering, Korti Tal. Pandharpur Dist Solapur"
403,6644,"Shri. Ambabai Talim Sanstha's Sanjay Bhokare Group of Institutes, Miraj"
404,6645,"Sinhgad School of Computer Studies, Kegaon Dist. Solapur"
405,6646,"Sinhgad Business School, Kegaon"
406,6649,"TSSM's Bhivarabai Sawant College of Engineering and Research, Narhe, Pune"
407,6650,"Vishwakarma Dadasaheb Chavan Institute of Management and Research, Malwadi"
408,6652,"Poona College Of Pharmacy, Erandwane, Pune"
409,6712,"Jai Bhavani Education Society,Rajiv Gandhi Polytechnic College,Ziprapwadi, Tal. Phaltan, Dist. Satara"
410,6713,"Shetakari Shikshan Prasarak Mandal,Shri. Jayawantrao Bhosale Polytechnic, Kille Machindragad, Tal-Walwa, Dist. Sangli"
411,6714,"Shree Datta Shetakari Sahakari Sakhar Karkhana Ltd. Charitable Trust, Shree Datta Polytechnic College, Dattanagar  Tal-Shirol, Dist Kolhapur"
412,6715,"Dnyan Kala Krida & Krushi Pratishan,Babasaheb Phadtare Polytechnic, Kalamb Walchandnagar, Tal-Indapur, Dist. Pune"
413,6716,"Barshi Shikshan Prasarak Mandal, Shriman Bhausaheb Zadbuke Institute of Polytechnic, Puri, Tal-Barshi, Solapur "
414,6720,"Shri Balasaheb Mane Shikshan Prasarak Mandal,Ashokrao Mane Polytechnic, Ambap, Tal-Hatkanangle, Dist. Kolhapur "
415,6721,"Purogami Shikshan Mandal,Gauri Shiv Polytechnic,  Khatav  Dist - Satara"
416,6722,SHRI SOMESHWAR SHIKSHAN PRASARAK MANDALS SHARADCHANDRA PAWAR INSTITUTE OF TECHNOLOGY SOMESHWARNAGAR.
417,6723,"Chh.Shivaji Shikshan Mandal,Chh.Shivaji Polytechnic Institute,Vaduj, Tal-Khatav, Dist. Satara"
418,6724,"Chhatrapati Shahu Education Society,Chhatrapati Shahu Polytechnic, A/P Atit, Dist Satara"
419,6725,"New Satara Shikshan Sankul,New Satara College of Engineering & Management, Pandharpur "
420,6728,"Shri Narsinha Shikshan Prasarak Mandal,Ramrao Nikam Polytechnic College, Indoli Tal-Karad, Dist-Satara"
421,6729,"Ninaidevi Shikshan Prasarak Mandal,Shri. Shivajirao Deshmukh Institute of Technology, Shirala, Sangli "
422,6731,"Anekant Institute of Management Studies, Baramati"
423,6732,"Ajeenkya DY Patil School of Engineering, Lohegaon, Pune"
424,6734,"Ideal Institute Of Management, Kondigare,  Tal Shirol, Kolhapur"
425,6736,Shivnagar Vidya Prasarak Manda'ls Institute Of Pharmacy Malegaon
426,6737,"Prin. K.P. Mangalvedhekar Institute Of Management Career Development And Research, Solapur"
427,6739,"Institute of Management and Computer Studies, Kothrud, Pune"
428,6741,"Sinhgad Technical Education Society's S.K.N. Sinhgad School of Business Management, Ambegaon, Tal. Haveli Dist. Pune"
429,6742,"Vidya Pratishthan's School of Architecture, Baramati"
430,6745,"Shrimat Jayshreemaladevi Naik-Nimbalkar Institute of Management Studies, Phaltan Dist-Satara"
431,6751,"ADA's Minverva College of Architecture, Pune"
432,6753,"MAEER, MIT School of Business, Kothrud, Pune"
433,6754,"International Institute of Information Technology (I²IT), Pune."
434,6755,"JSPM Narhe Technical Campus, Pune."
435,6756,"Fabtech Technical Campus College of Engineering and Research, Sangola"
436,6757,"Yashoda Technical Campus, Wadhe, Satara."
437,6758,"Sahyadri Valley College of Engineering & Technology, Rajuri, Pune."
438,6759,"Shree Ramchandra College of Engineering, Lonikand,Pune"
439,6760,"Lotus Business School, Pune"
440,6762,"Nanasaheb Mahadik College of Engineering,Walwa, Sangli."
441,6766,Phaltan Education Society's College of Engineering Thakurki Tal- Phaltan Dist-Satara 
442,6767,"Suman Ramesh Tulsiani Technical Campus: Faculty of Engineering, Kamshet,Pune."
443,6768,"P.K. Technical Campus, Pune."
444,6769,"Rasiklal M. Dhariwal Sinhgad Technical Institutes Campus, Warje, Pune."
445,6770,"SKN Sinhgad Institute of Technology & Science, Kusgaon(BK),Pune."
446,6771,"Flora Institute of Technology, Khopi, Near Khed Shivapur Toll Plaza, Pune"
447,6772,"NBN Sinhgad Technical Institutes Campus, Pune"
448,6773,"Akemi Business School, Mulsi, Pune."
449,6775,"Yashaswi Education Society's International Institute of Management Science, Chinchwad, Pune  "
450,6777,"Indira Global Business School, Parandwadi Tq. Maval Dist. Pune"
451,6780,"D.Y.Patil Education Society's,D.Y.Patil Technical Campus, Faculty of Engineering & Faculty of Management,Talsande,Kolhapur."
452,6781,"Bhagwant Institute of Technology, Barshi"
453,6782,"Sahakar Maharshee Shankarrao Mohite Patil Institute of Technology & Research, Akluj"
454,6783,"Saibalaji Education Society, Saibalaji International Institute of Management Sciences,Nere Marunje, Hinjewadi, Pune"
455,6785,"Abasaheb Garware Institute of Management Studies (For Women), Sangli"
456,6786,"Dr. D. Y. Patil School of Engineering & Technology,  Charholi(Bk), Via Lohgaon, Pune"
457,6787,"Dr. D. Y. Patil Educational Academy's, D.Y.Patil School of Engineering Academy, Ambi"
458,6788,"Pune Vidyarthi Griha's College of Engineering and Technology and G.K.Pate,(Wani) Institute of Management, Pune "
459,6794,"Anantrao Pawar College of Engineering & Research, Pune"
460,6795,"Shri.Someshwar Shikshan Prasarak Mandal, Sharadchandra Pawar College of Engineering & Technology, Someshwar Nagar"
461,6796,"Bharati Vidyapeeth's College of Engineering,Lavale, Pune"
462,6797,"Dnyanshree Institute Engineering and Technology, Satara"
463,6798,"International School of Management & Research, Wadki, Pune"
464,6799,"Shivganga Charitable Trust, Sangli Vishveshwarya Technical Campus, Faculty of Diploma Engineering, Patgaon, Miraj"
465,6800,"DKTE Society's Yashwantrao Chavan Polytechnic, Ichalkaranji"
466,6802,"Dr. D.Y.Patil Institute of Engineering, Management & Reseach, Akurdi, Pune"
467,6803,"Sant Gajanan Maharaj College of Engineering, Gadhinglaj"
468,6807,"Ayojan School of Architecture and Design, Pune"
469,6808,"Keystone School of Engineering, Pune"
470,6809,"Shivganga Charitable Trust, Sangli Vishveshwarya Technical Campus, Faculty of Degree Engineering, Patgaon, Miraj"
471,6810,"The Great Maulana Abul Kalam Azad Minority Educational Trust's Maulana Azad Polytechnic, Solapur"
472,6811,"SSDGCT's Sanjay Ghodawat Polytechnic, Kolhapur"
473,6812,"Progressive Education Society's Modern Institute of  Business Studies, Nigdi, Pune"
474,6813,"Swaraj Institute of Management, Vanvasmachi, Tal.Karad, Dist.Satara"
475,6814,"K.P. Patil Institute ( Polytechnic ), Bhudargad, Dist.Kolhapur"
476,6815,"Vidya Prasarini Sabha's College of Engineering & Technology, Lonavala"
477,6816,"Shri Chimasaheb jagdale Institute of Technology, Narsobawadi, Tal.Shirol, Kolhapur"
478,6817,"Suhas Institute of technology, Javjibuvachiwadi, Post Kasurdi, Daud"
479,6818,"Satish Misal Educational Foundation's BRICK school of Architecture, Pune "
480,6819,"Smt. Premlatai Chavan College of Architecture Karad, Dist Satara"
481,6820,"Adarsh College of Pharmacy, Vita Dist. Sangli"
482,6822,"Pimpri Chinchwad Education Trust's Pimpri Chinchwad College Of Engineering And Research, Ravet"
483,6823,"Shri.Jain Vidyaparasark Mandal's Rasiklal M. Dhariwal Institute of Pharmceutical Education & Research, Pune."
484,6824,"Trinity Polytechnic, Pune"
485,6827,"MAHADEVRAO WANDRE INSTITUTE OF TECHNOLOGY, TURKEWADI "
486,6828,"Sant Tukaram Polytechnic, Indori, Talegaon"
487,6829,"Womens College of Pharmacy,Peth Vadgaon, Tq - Hatkanangale"
488,6830,"Ashokrao Mane Polytechnic, Save,Tq - Shahu wadi"
489,6831,"D.Y. Patil School of Architecture, Pune"
490,6833,"Dattakala College of Pharmacy, Chincholi, Daund"
491,6834,"Dr.D.Y.Patil College Of Engineering & Innovation,Talegaon"
492,6835,"Gandhi Natha Rangji College of Diploma Pharmacy, Solapur"
493,6836,"Dr.D.Y.Patil Institute Of Management & Entrepreneur Development,Talegaon"
494,6837,"Anantrao Pawar College of Architecture, Parvati, Pune"
495,6839,"Dr. D Y Patil Pratishthan's College of Engineering, Kolhapur"
496,6840,"S.B. Patil College of Architecture & Design,Nigdi,Pune "
497,6842,"Dr. D.Y. Patil Unitech Society's Dr. D. Y. Patil B-School, Pune"
498,6878,"Dr. A. D. Shinde College Of Engineering, Tal.Gadhinglaj, Kolhapur"
499,6879,"Loknete Shri. Dadapatil Pharate College of Pharmacy, At Post Manadavgan Pharata, Tal.Shirur, Dist. Pune"
500,6880,"Yashoda College of Architecture, Satara"
501,6881,"Army Institute of Technology, Pune"
502,6882,Indira College of Architecture & Design
503,6883,"K.J.Education Institute Pune, Trinity College of Architecture, Pune"
504,6884,"Ideal College of Architecture, Kondigre, Shirol"
505,6885,"Shrimati Kashibai Navale College of Architecture, Ambegaon(BK)"
506,6886,"Nootan College of Pharmacy, Kavathe-mahankal, Sangli"
507,6887,"Mahalaxmi Institute of Pharmacy, Raigaon, Dist.Satara"
508,6888,"Tatyasaheb Kore Institute of Engineering & Technology(Polytechnic), Warananagar"
509,6889,"Annasaheb Dange College of D. Pharmacy, Ashta, Sangli"
510,6890,"Teerthankar Education Society's Dr. Shivajirao Kadam College of B.Pharmacy, Kasbe Digraj Sangli"
511,6891,"Eklavya College of Pharmacy, Tasgaon , Sangli"
512,6892,"Anusaya Institute of Pharmacy, Swami-Chincholi , Tal .Daund, Pune. "
513,6893,"Sant Dnyaneshwar Shikshan Sanstha, Annasaheb Dange College of B.Pharmacy, Ashta, Sangli"
514,6894,"Vidya Pratishthan's Indapur College of Architecture, Indapur, Pune"
515,6895,"Walwa Taluka Education Society's Shri. S. D. Patil College of Architecture, Islampur"
516,6896,"Shri. Shivaji Maratha Society's College of Architecture, Pune"
517,6897,"Pune District Education Association's College of Architecture, Akurdi"
518,6899,"Chhatrapati Shahu Institute of Business Education & Research, Kolhapur"
519,6900,"Yashwant Redekar College Of Pharmacy B. Pharm. And D. Pharm., Nesari"
520,6901,"MAEER's MIT College of Railway Engineering and Research, Jamgaon, Barshi"
521,6902,Indrayani Vidya Mandir's Indrayani Institute of Pharamaceutical Education & Research
522,6903,"Indrayani Vidya Mandir's Indrayani Institute of Pharmacy, Talegaon Dabhade"
523,6904,"Anandi Pharmacy College, Kalambe Tarf Kale"
524,6905,"Navsahyadri Institute of Pharmacy, Naigaon( Nasarapur), Pune"
525,6906,"Delight College of Pharmacy, Koregaon Bhima"
526,6907,"Sarogini College of Pharmacy, Kolhapur"
527,6908,"Ashokrao Mane Institute of Pharmaceutical Science and Research, Save"
528,6909,"Y.D. Mane Institute of Pharmacy, Kagal, Kolhapur"
529,6910,"Samarth Institute of Pharmacy, Belhe , Junnar"
530,6911,"Zadbuke Institute of Pharmacy, Puri"
531,6912,"Flora College of Architecture, Khopi, Near Khed-Shivapur Toli Plaza, Pune"
532,6913,Marathwada Mitra Mandals Institute of Enviornment and Design's college of Architecture
533,6914,"Institute of Pharmaceutical Science & Research for Girls, (Bhigwan), Daund"
534,6915,"DNYANVILAS COLLEGE OF PHARMACY, DUDULGAON TAl HAVELI DIST PUNE"
535,6916,PHARATE PATIL COLLEGE OF PHARMACY DIPLOMA
536,6917,shfited to 5465
537,6918,"Jijamata College of Pharmacy, Sarati"
538,6919,"D.Y. Patil Education Society's D.Y. Patil College of Architecture, Talsande, Kolhapur"
539,6920,"Solapur Education Society's College of Architecture, Solapur"
540,6921,"Elixir Institute of Pharmacy, Pune"
541,6922,"Siddhant School of Pharmacy ( Women ), Pune"
542,6923,"Padmini College of Pharmacy, Atpadi, Sangli"
543,6924,"ASM's Institute of Business Managment & Research(PGDM), Pune"
544,6925,"Aureole School of Business Management, Pune"
545,6926,"Siddhant College of Architecture, Sudambare"
546,6927,S.S.P Shikshan Sansthas Siddhi College Of Pharmacy
547,6928,"Dattakala Institute Of Hotel Management And Catering Technology, Swami-Chnicholi, Daund"
548,6929,"MES Institute Of Management And Career Courses MBA, Pune"
549,6930,"Delonix Society's Baramati College Of Pharmacy, Barhanpur"
550,6931,"Samarth College Of Pharmacy, A/P Belhe, Bangarwadi"
551,6932,Dr Bapuji Salunkhe Institute Of Pharmacy Miraj
552,6933,"Sarsam College Of Pharmacy, Palshiwadi"
553,6934,Pune District Education Associations College Of Pharmacy Hadapsar Pune  
554,6935,"Lokmangal College Of Pharmacy, Wadala"
555,6936,Krishna Foundations Jaywant Institute Of Pharmacy Wathar Tal Karad.
556,6937,"Fabtech College Of Pharmacy, Sangola"
557,6938,Shree Siddheshwar Women's College Of Engineering Solapur.
558,6939,"Delight Institute of Pharmacy, Koregaon Bhima"
559,6940,"Ashokrao Mane College of Architecture, Vathar Tarf Vadgaon "
560,6941,"Janaki Devi Bajaj Institute Of Management Studies And Research, Pune"
561,6942,"Shardabai Pawar Institute Of Pharmaceutical Sciences And Research, Shardanagar, Baramati"
562,6943,"Vidya Niketan College Of Pharmacy, Lakhewadi"
563,6951,Mandesh Institute Of Pharmaceutical Science And Research Centre Mhaswad
564,6952,Mahadev Kanchan College Of Pharmaceutical Education And Research
565,6953,Varvand Gram Shikshan Sansthas Eknath Sitaram Divekar College Of Pharmacy Varvand
566,6954,"Shri  Ganpati Institute of Pharmaceutical Sciences and Research, Tembhurni "
567,6956,Trinity College Of Pharmacy Pune
568,6957,"Ashokrao Mane Institute Of Pharmacy Ambap, Hatkanangle"
569,6958,"Genesis Institute Of Pharmacy, Radhanagari"
570,6959,"Tatyasaheb Kore College of Architecture, Warnanagar"
571,6960,"Dr. J.J. Magdum College of Architecture, Jaysingpur"
572,6961,"Lokmanya Tilak Institute of Pharmaceutical Sciences, Pune"
573,6962,"Late Laxmibai Phadtare College of Pharmacy, Kalamb"
574,6963,"Riyajbhai Shamanji College of Pharmacy, Gadhinglaj"
575,6964,"Dr. Ashok Gujar College of Pharmacy, Solapur"
576,6965,"Shivraj College of Pharmacy, Gadhinglaj"
577,6966,"S.P.Mandali's Prin.N.G.Naralkar Institute Of Career Development And Research, Pune"
578,6967,"Suryadatta Institute Of Management And Mass Communication Pgdm, Pune"
579,6968,"Dr. D.Y. Patil Seamedu School of Management, Talegaon Dabhade, Pune"
580,6969,"Indira Institute of Management PGDM, Pune"
581,6970,"Indira School of Business Studies PGDM, Pune"
582,6971,"K.B. Joshi Institute of Information Technology, Pune"
583,6972,"Shri. Someshwar Shikshan Prasarak Mandals Sharadchandra Pawar Institute of Management & Research, Someshwarnagar,"
584,6973,"ASMS Institute of Business Management and Research MCA, Pune"
585,6974,"Pune Business School, Nigdi, Pune"
586,6975,"Pune Institute of Management Studies, Pune"
587,6976,"Indira College of Management Studies, Parandvadi"
588,6977,Dattakala Institute of Pharmacy
589,6978,Arya College of Pharmacy
590,6979,Institute Of Diploma Pharmacy
591,6980,Jaihind College of Pharmacy
592,6981,Vitthal Pratishthan College of Pharmacy
593,6982,"New College of Pharmacy, Kolhapur"
594,6983,"Ashokrao Mane Institute of Pharmacy, Vathar  Tarf- Vadagaon"
595,6984,"Bhausaheb Gudge College of Pharmacy, Mayani"
596,6985,"VPS College of Pharmacy, Waksai, Lonavala"
597,6986,"Saraswati shikshan Prasarak Mandal, Malawadi, Kotoli"
